[{"location":"North Augusta, SC","country":"United States","travelTimeToHere":"","timeZone":"EST (UTC−5)","arrivalDate":"2/1/2008","departureDate":"3/24/2024","daysAtPlace":0,"residing":false,"booked":false,"vacationEnd":"","coordinates":{"lat":33.49,"lon":-81.9714545}},{"location":"Greenville, SC","country":"United States","travelTimeToHere":"2 hours 18 mins *","timeZone":"EST (UTC−5)","arrivalDate":"3/24/2023","departureDate":"4/1/2023","daysAtPlace":8,"residing":false,"booked":false,"vacationEnd":"","coordinates":{"lat":34.85,"lon":-82.4000158}},{"location":"New Orleans, LA","country":"United States","travelTimeToHere":"8 hours 59 mins *","timeZone":"CST (UTC−6)","arrivalDate":"4/1/2023","departureDate":"5/7/2023","daysAtPlace":36,"residing":false,"booked":false,"vacationEnd":"","coordinates":{"lat":29.95,"lon":-90.0758356}},{"location":"Allen, TX","country":"United States","travelTimeToHere":"7 hours 39 mins *","timeZone":"CST (UTC−6)","arrivalDate":"5/7/2023","departureDate":"6/19/2023","daysAtPlace":43,"residing":false,"booked":false,"vacationEnd":"","coordinates":{"lat":33.1,"lon":-96.6705503}},{"location":"Columbia, SC","country":"United States","travelTimeToHere":"14 hours 42 mins *","timeZone":"EST (UTC−5)","arrivalDate":"6/19/2023","departureDate":"6/30/2023","daysAtPlace":11,"residing":false,"booked":false,"vacationEnd":"","coordinates":{"lat":34,"lon":-81.035147}},{"location":"Isle of Palms, SC","country":"United States","travelTimeToHere":"2 hours 5 mins *","timeZone":"EST (UTC−5)","arrivalDate":"6/30/2023","departureDate":"7/7/2023","daysAtPlace":7,"residing":false,"booked":false,"vacationEnd":"","coordinates":{"lat":32.8,"lon":-79.7583807}},{"location":"Columbia, SC","country":"United States","travelTimeToHere":"2 hours 5 mins *","timeZone":"EST (UTC−5)","arrivalDate":"7/7/2023","departureDate":"7/8/2023","daysAtPlace":1,"residing":false,"booked":false,"vacationEnd":"","coordinates":{"lat":34,"lon":-81.035147}},{"location":"London","country":"UK","travelTimeToHere":"Flying: 8h 7m *","timeZone":"GMT (UTC+0)","arrivalDate":"7/8/2023","departureDate":"7/9/2023","daysAtPlace":1,"residing":false,"booked":false,"vacationEnd":"","coordinates":{"lat":51.51,"lon":-0.1275862}},{"location":"Glasgow","country":"Scotland","travelTimeToHere":"Flying: 0h 41m *","timeZone":"GMT (UTC+0)","arrivalDate":"7/9/2023","departureDate":"8/1/2023","daysAtPlace":23,"residing":false,"booked":false,"vacationEnd":"","coordinates":{"lat":55.86,"lon":-4.2583345}},{"location":"Columbia, SC","country":"United States","travelTimeToHere":"Flying: 7h 39m *","timeZone":"EST (UTC−5)","arrivalDate":"8/1/2023","departureDate":"8/3/2023","daysAtPlace":2,"residing":false,"booked":false,"vacationEnd":"","coordinates":{"lat":34,"lon":-81.035147}},{"location":"Steamboat Springs, CO","country":"United States","travelTimeToHere":"1 day 2 hours *","timeZone":"MST (UTC−7)","arrivalDate":"8/3/2023","departureDate":"8/13/2023","daysAtPlace":10,"residing":false,"booked":false,"vacationEnd":"","coordinates":{"lat":40.48,"lon":-106.8317158}},{"location":"Tulsa, OK","country":"United States","travelTimeToHere":"12 hours 21 mins *","timeZone":"CST (UTC−6)","arrivalDate":"8/13/2023","departureDate":"8/17/2023","daysAtPlace":4,"residing":false,"booked":false,"vacationEnd":"","coordinates":{"lat":36.16,"lon":-95.989501}},{"location":"Branson, MO","country":"United States","travelTimeToHere":"3 hours 13 mins *","timeZone":"CST (UTC−6)","arrivalDate":"8/17/2023","departureDate":"9/9/2023","daysAtPlace":23,"residing":false,"booked":false,"vacationEnd":"","coordinates":{"lat":36.64,"lon":-93.2183384}},{"location":"Louisville, KY","country":"United States","travelTimeToHere":"7 hours 34 mins *","timeZone":"EST (UTC−5)","arrivalDate":"9/9/2023","departureDate":"10/27/2023","daysAtPlace":48,"residing":false,"booked":false,"vacationEnd":"","coordinates":{"lat":38.25,"lon":-85.7663724}},{"location":"Isle of Palms, SC","country":"United States","travelTimeToHere":"9 hours 38 mins *","timeZone":"EST (UTC−5)","arrivalDate":"10/27/2023","departureDate":"11/4/2023","daysAtPlace":8,"residing":false,"booked":false,"vacationEnd":"","coordinates":{"lat":32.8,"lon":-79.7583807}},{"location":"Devenport, FL","country":"United States","travelTimeToHere":"6 hours 40 mins *","timeZone":"EST (UTC−5)","arrivalDate":"11/4/2023","departureDate":"12/2/2023","daysAtPlace":28,"residing":false,"booked":false,"vacationEnd":"","coordinates":{"lat":28.16,"lon":-81.6017417}},{"location":"North Augusta, SC","country":"United States","travelTimeToHere":"6 hours 45 mins *","timeZone":"EST (UTC−5)","arrivalDate":"12/2/2023","departureDate":"12/10/2023","daysAtPlace":8,"residing":false,"booked":false,"vacationEnd":"","coordinates":{"lat":33.49,"lon":-81.9714545}},{"location":"Greenville, SC","country":"United States","travelTimeToHere":"2 hours 18 mins *","timeZone":"EST (UTC−5)","arrivalDate":"12/10/2023","departureDate":"1/4/2024","daysAtPlace":25,"residing":false,"booked":false,"vacationEnd":"","coordinates":{"lat":34.85,"lon":-82.4000158}},{"location":"Allen, TX","country":"United States","travelTimeToHere":"13 hours 52 mins *","timeZone":"CST (UTC−6)","arrivalDate":"1/4/2024","departureDate":"2/1/2024","daysAtPlace":28,"residing":false,"booked":false,"vacationEnd":"","coordinates":{"lat":33.1,"lon":-96.6705503}},{"location":"Austin, TX","country":"United States","travelTimeToHere":"3 hours 21 mins *","timeZone":"CST (UTC−6)","arrivalDate":"2/1/2024","departureDate":"3/31/2024","daysAtPlace":59,"residing":false,"booked":false,"vacationEnd":"","coordinates":{"lat":30.27,"lon":-97.7430608}},{"location":"Allen, TX","country":"United States","travelTimeToHere":"3 hours 20 mins *","timeZone":"CST (UTC−6)","arrivalDate":"3/31/2024","departureDate":"4/14/2024","daysAtPlace":14,"residing":false,"booked":false,"vacationEnd":"","coordinates":{"lat":33.1,"lon":-96.6705503}},{"location":"Santa Fe, NM","country":"United States","travelTimeToHere":"9 hours 40 mins *","timeZone":"MST (UTC−7)","arrivalDate":"4/14/2024","departureDate":"5/18/2024","daysAtPlace":34,"residing":false,"booked":false,"vacationEnd":"","coordinates":{"lat":35.69,"lon":-105.9381944}},{"location":"Sedona, AZ","country":"United States","travelTimeToHere":"6 hours 19 mins *","timeZone":"MST (UTC−7)","arrivalDate":"5/18/2024","departureDate":"6/28/2024","daysAtPlace":41,"residing":false,"booked":false,"vacationEnd":"","coordinates":{"lat":34.86,"lon":-111.8137258}},{"location":"Allen, TX","country":"United States","travelTimeToHere":"14 hours 53 mins *","timeZone":"CST (UTC−6)","arrivalDate":"6/28/2024","departureDate":"6/30/2024","daysAtPlace":2,"residing":false,"booked":false,"vacationEnd":"","coordinates":{"lat":33.1,"lon":-96.6705503}},{"location":"North Augusta, SC","country":"United States","travelTimeToHere":"13 hours 46 mins *","timeZone":"EST (UTC−5)","arrivalDate":"6/30/2024","departureDate":"7/4/2024","daysAtPlace":4,"residing":false,"booked":false,"vacationEnd":"","coordinates":{"lat":33.49,"lon":-81.9714545}},{"location":"Paris","country":"France","travelTimeToHere":"Flying: 8h 34m *","timeZone":"CEST (UTC+1)","arrivalDate":"7/4/2024","departureDate":"8/1/2024","daysAtPlace":28,"residing":false,"booked":false,"vacationEnd":"","coordinates":{"lat":48.86,"lon":2.3513765}},{"location":"Osaka","country":"Japan","travelTimeToHere":"Flying: 11h 58m *","timeZone":"JST (UTC+9)","arrivalDate":"8/1/2024","departureDate":"8/31/2024","daysAtPlace":30,"residing":false,"booked":false,"vacationEnd":"","coordinates":{"lat":34.69,"lon":135.5022535}},{"location":"Greenville, SC","country":"United States","travelTimeToHere":"Flying: 14h 5m *","timeZone":"EST (UTC−5)","arrivalDate":"8/31/2024","departureDate":"9/7/2024","daysAtPlace":7,"residing":false,"booked":false,"vacationEnd":"","coordinates":{"lat":34.85,"lon":-82.4000158}},{"location":"Philadelphia, PA","country":"United States","travelTimeToHere":"9 hours 46 mins *","timeZone":"EST (UTC−5)","arrivalDate":"9/7/2024","departureDate":"11/17/2024","daysAtPlace":71,"residing":false,"booked":false,"vacationEnd":"","coordinates":{"lat":39.95,"lon":-75.1652215}},{"location":"Greenville, SC","country":"United States","travelTimeToHere":"9 hours 51 mins *","timeZone":"EST (UTC−5)","arrivalDate":"11/17/2024","departureDate":"1/1/2025","daysAtPlace":45,"residing":false,"booked":false,"vacationEnd":"","coordinates":{"lat":34.85,"lon":-82.4000158}},{"location":"Allen, Tx","country":"United States","travelTimeToHere":"13 hours 52 mins *","timeZone":"CST (UTC−6)","arrivalDate":"1/1/2025","departureDate":"1/18/2025","daysAtPlace":17,"residing":false,"booked":false,"vacationEnd":"","coordinates":{"lat":33.1,"lon":-96.6705503}},{"location":"San Antonio, TX ","country":"United States","travelTimeToHere":"4 hours 34 mins *","timeZone":"CST (UTC−6)","arrivalDate":"1/18/2025","departureDate":"02/16/2025","daysAtPlace":29,"residing":false,"booked":false,"vacationEnd":"","coordinates":{"lat":29.43,"lon":-98.4945922}},{"location":"New Orleans, LA","country":"United States","travelTimeToHere":"8 hours 4 mins *","timeZone":"CST (UTC−6)","arrivalDate":"2/16/2025","departureDate":"5/31/2025","daysAtPlace":104,"residing":false,"booked":false,"vacationEnd":"","coordinates":{"lat":29.95,"lon":-90.0758356}},{"location":"North Padre Island, TX","country":"United States","travelTimeToHere":"8 hours 53 mins *","timeZone":"CST (UTC−6)","arrivalDate":"5/31/2025","departureDate":"9/13/2025","daysAtPlace":105,"residing":false,"booked":false,"vacationEnd":"","coordinates":{"lat":27.46,"lon":-97.2976617}},{"location":"Allen, TX","country":"United States","travelTimeToHere":"6 hours 52 mins *","timeZone":"CST (UTC−6)","arrivalDate":"9/13/2025","departureDate":"9/26/2025","daysAtPlace":13,"residing":false,"booked":false,"vacationEnd":"","coordinates":{"lat":33.1,"lon":-96.6705503}},{"location":"Amarillo, Tx","country":"United States","travelTimeToHere":"5 hours 34 mins *","timeZone":"CST (UTC−6)","arrivalDate":"9/26/2025","departureDate":"9/27/2025","daysAtPlace":1,"residing":false,"booked":false,"vacationEnd":"","coordinates":{"lat":35.21,"lon":-101.8320065}},{"location":"Albuquerque, NM","country":"United States","travelTimeToHere":"4 hours 12 mins *","timeZone":"MST (UTC−7)","arrivalDate":"9/27/2025","departureDate":"11/23/2025","daysAtPlace":57,"residing":false,"booked":false,"vacationEnd":"","coordinates":{"lat":35.08,"lon":-106.650422}},{"location":"Allen, Tx","country":"United States","travelTimeToHere":"9 hours 38 mins *","timeZone":"CST (UTC−6)","arrivalDate":"11/23/2025","departureDate":"11/27/2025","daysAtPlace":4,"residing":false,"booked":false,"vacationEnd":"","coordinates":{"lat":33.1,"lon":-96.6705503}},{"location":"Biloxi, MS","country":"United States","travelTimeToHere":"8 hours 38 mins *","timeZone":"CST (UTC−6)","arrivalDate":"11/27/2025","departureDate":"11/28/2025","daysAtPlace":1,"residing":false,"booked":false,"vacationEnd":"","coordinates":{"lat":30.4,"lon":-88.8870459}},{"location":"Tampa, FL","country":"United States","travelTimeToHere":"8 hours 8 mins *","timeZone":"EST (UTC−5)","arrivalDate":"11/28/2025","departureDate":"11/30/2025","daysAtPlace":2,"residing":false,"booked":false,"vacationEnd":"","coordinates":{"lat":27.95,"lon":-82.4587527}},{"location":"Key Largo, FL","country":"United States","travelTimeToHere":"4 hours 51 mins *","timeZone":"EST (UTC−5)","arrivalDate":"11/30/2025","departureDate":"1/24/2026","daysAtPlace":55,"residing":false,"booked":false,"vacationEnd":"1/2/2026","coordinates":{"lat":25.09,"lon":-80.44204}},{"location":"Orlando","country":"United States","travelTimeToHere":"4 hours 31 mins *","timeZone":"EST (UTC−5)","arrivalDate":"1/24/2026","departureDate":"3/1/2026","daysAtPlace":36,"residing":false,"booked":false,"vacationEnd":"","coordinates":{"lat":28.54,"lon":-81.3789269}},{"location":"Ashville, NC","country":"United States","travelTimeToHere":"8 hours 21 mins *","timeZone":"EST (UTC−5)","arrivalDate":"3/1/2026","departureDate":"5/2/2026","daysAtPlace":62,"residing":false,"booked":false,"vacationEnd":"","coordinates":{"lat":35.6,"lon":-82.5460563}},{"location":"Athens, Greece","country":"Greece","travelTimeToHere":"Flying: 11h 1m *","timeZone":"EEST (UTC+2)","arrivalDate":"5/2/2026","departureDate":"6/6/2026","daysAtPlace":35,"residing":false,"booked":false,"vacationEnd":"6/6/2026","coordinates":{"lat":37.98,"lon":23.7275388}},{"location":"Lanarca","country":"Cyprus","travelTimeToHere":"Flying: 1h 11m *","timeZone":"EEST (UTC+2)","arrivalDate":"6/6/2026","departureDate":"6/10/2026","daysAtPlace":4,"residing":false,"booked":false,"vacationEnd":"6/10/2026","coordinates":{"lat":34.92,"lon":33.6200625}},{"location":"Greenville, SC","country":"United States","travelTimeToHere":"Flying: 11h 4m *","timeZone":"EST (UTC−5)","arrivalDate":"6/10/2026","departureDate":"6/13/2026","daysAtPlace":3,"residing":false,"booked":false,"vacationEnd":"","coordinates":{"lat":34.85,"lon":-82.4000158}},{"location":"Arlington, VA","country":"United States","travelTimeToHere":"7 hours 21 mins *","timeZone":"EST (UTC−5)","arrivalDate":"6/13/2026","departureDate":"8/29/2026","daysAtPlace":77,"residing":false,"booked":false,"vacationEnd":"","coordinates":{"lat":38.88,"lon":-77.0909809}},{"location":"Brainerd, MN","country":"United States","travelTimeToHere":"18 hours 39 mins *","timeZone":"CST (UTC−6)","arrivalDate":"8/29/2026","departureDate":"8/16/2026","daysAtPlace":-13,"residing":false,"booked":false,"vacationEnd":"","coordinates":{"lat":46.35,"lon":-94.2020084}},{"location":"Gardiner, mt","country":"United States","travelTimeToHere":"13 hours 17 mins *","timeZone":"MST (UTC−7)","arrivalDate":"8/16/2026","departureDate":"10/17/2026","daysAtPlace":62,"residing":false,"booked":false,"vacationEnd":"","coordinates":{"lat":45.03,"lon":-110.7057663}},{"location":"Provo, Utah","country":"United States","travelTimeToHere":"8 hours 13 mins *","timeZone":"MST (UTC−7)","arrivalDate":"10/17/2026","departureDate":"12/5/2026","daysAtPlace":49,"residing":false,"booked":false,"vacationEnd":"","coordinates":{"lat":40.23,"lon":-111.6669789}},{"location":"Palms Springs, Ca","country":"United States","travelTimeToHere":"9 hours 27 mins *","timeZone":"PST (UTC−8)","arrivalDate":"12/5/2026","departureDate":"2/7/2027","daysAtPlace":64,"residing":false,"booked":false,"vacationEnd":"","coordinates":{"lat":33.82,"lon":-116.5106191}},{"location":"Sacremento,Ca","country":"United States","travelTimeToHere":"7 hours 32 mins *","timeZone":"PST (UTC−8)","arrivalDate":"2/7/2027","departureDate":"4/3/2027","daysAtPlace":55,"residing":false,"booked":false,"vacationEnd":"","coordinates":{"lat":38.58,"lon":-121.4944209}},{"location":"Portland, Oregon","country":"United States","travelTimeToHere":"8 hours 52 mins *","timeZone":"PST (UTC−8)","arrivalDate":"4/3/2027","departureDate":"5/8/2027","daysAtPlace":35,"residing":false,"booked":false,"vacationEnd":"","coordinates":{"lat":45.52,"lon":-122.6783853}},{"location":"Seattle, Washington","country":"United States","travelTimeToHere":"2 hours 46 mins *","timeZone":"PST (UTC−8)","arrivalDate":"5/8/2027","departureDate":"6/19/2027","daysAtPlace":42,"residing":false,"booked":false,"vacationEnd":"","coordinates":{"lat":47.61,"lon":-122.3328481}},{"location":"Vancover, BC","country":"United States","travelTimeToHere":"2 hours 35 mins *","timeZone":"PST (UTC−8)","arrivalDate":"6/19/2027","departureDate":"7/25/2027","daysAtPlace":36,"residing":false,"booked":false,"vacationEnd":"","coordinates":{"lat":49.28,"lon":-123.1207375}},{"location":"Kamloop, BC","country":"United States","travelTimeToHere":"3 hours 39 mins *","timeZone":"PST (UTC−8)","arrivalDate":"7/25/2027","departureDate":"8/29/2027","daysAtPlace":35,"residing":false,"booked":false,"vacationEnd":"","coordinates":{"lat":50.67,"lon":-120.3272674}},{"location":"Spokane, Wa","country":"United States","travelTimeToHere":"6 hours 31 mins *","timeZone":"PST (UTC−8)","arrivalDate":"8/29/2027","departureDate":"10/3/2027","daysAtPlace":35,"residing":false,"booked":false,"vacationEnd":"","coordinates":{"lat":47.66,"lon":-117.4235319}},{"location":"Boise, Id","country":"United States","travelTimeToHere":"6 hours 29 mins *","timeZone":"MST (UTC−7)","arrivalDate":"10/3/2027","departureDate":"10/10/2027","daysAtPlace":7,"residing":false,"booked":false,"vacationEnd":"","coordinates":{"lat":43.62,"lon":-116.2023137}},{"location":"Steamboat springs, Co","country":"United States","travelTimeToHere":"10 hours 17 mins *","timeZone":"MST (UTC−7)","arrivalDate":"10/10/2027","departureDate":"11/21/2027","daysAtPlace":42,"residing":false,"booked":false,"vacationEnd":"","coordinates":{"lat":40.48,"lon":-106.8317158}},{"location":"Allen, Tx","country":"United States","travelTimeToHere":"14 hours 32 mins *","timeZone":"CST (UTC−6)","arrivalDate":"11/21/2027","departureDate":"11/28/2027","daysAtPlace":7,"residing":false,"booked":false,"vacationEnd":"","coordinates":{"lat":33.1,"lon":-96.6705503}},{"location":"Greenville, SC","country":"United States","travelTimeToHere":"13 hours 54 mins *","timeZone":"EST (UTC−5)","arrivalDate":"11/28/2027","departureDate":"1/2/2028","daysAtPlace":35,"residing":false,"booked":false,"vacationEnd":"","coordinates":{"lat":34.85,"lon":-82.4000158}},{"location":"Costa Rica","country":"Costa Rica","travelTimeToHere":"Flying: 3h 28m *","timeZone":"CST (UTC−6)","arrivalDate":"1/2/2028","departureDate":"2/6/2028","daysAtPlace":35,"residing":false,"booked":false,"vacationEnd":"","coordinates":{"lat":9.75,"lon":-83.753428}},{"location":"Greenville, SC","country":"United States","travelTimeToHere":"Flying: 3h 28m *","timeZone":"EST (UTC−5)","arrivalDate":"2/6/2028","departureDate":"2/13/2028","daysAtPlace":7,"residing":false,"booked":false,"vacationEnd":"","coordinates":{"lat":34.85,"lon":-82.4000158}}]